{"nodes": [{"id": 1, "name": "Ron Clements"}, {"id": 2, "name": "Yasuyoshi Tokuma"}, {"id": 3, "name": "Chris Sanders"}, {"id": 4, "name": "George Tomasini"}, {"id": 5, "name": "Thomas Newman"}, {"id": 6, "name": "Ivan Reitman"}, {"id": 7, "name": "Victoria Alonso"}, {"id": 8, "name": "Terry Jones"}, {"id": 9, "name": "Ethan Coen"}, {"id": 10, "name": "Andrew Stanton"}, {"id": 11, "name": "David Zucker"}, {"id": 12, "name": "Sam Raimi"}, {"id": 13, "name": "Matt Reeves"}, {"id": 14, "name": "Tim Allen"}, {"id": 15, "name": "Bernard Herrmann"}, {"id": 16, "name": "Minoru Chiaki"}, {"id": 17, "name": "Lee Unkrich"}, {"id": 18, "name": "Louis D'Esposito"}, {"id": 19, "name": "Hamilton Luske"}, {"id": 20, "name": "Rick Jaffa"}, {"id": 21, "name": "Ethan Hawke"}, {"id": 22, "name": "Wes Anderson"}, {"id": 23, "name": "Joe Russo"}, {"id": 24, "name": "Ron Howard"}, {"id": 25, "name": "Hayao Miyazaki"}, {"id": 26, "name": "Terry Gilliam"}, {"id": 27, "name": "Anthony Russo"}, {"id": 28, "name": "John Musker"}, {"id": 29, "name": "Bill Murray"}, {"id": 30, "name": "I.A.L. Diamond"}, {"id": 31, "name": "Stanley Tucci"}, {"id": 32, "name": "Sojiro Motoki"}, {"id": 33, "name": "Stan Lee"}, {"id": 34, "name": "Byron Howard"}, {"id": 35, "name": "Campbell Scott"}, {"id": 36, "name": "Robert Burks"}, {"id": 37, "name": "Alfonso Cuar\u00f3n"}, {"id": 38, "name": "Orson Welles"}, {"id": 39, "name": "Wilfred Jackson"}, {"id": 40, "name": "Hideo Oguni"}, {"id": 41, "name": "Warren Beatty"}, {"id": 42, "name": "Doane Harrison"}, {"id": 43, "name": "John Lasseter"}, {"id": 44, "name": "Richard Linklater"}, {"id": 45, "name": "Chris Weitz"}, {"id": 46, "name": "Akira Kurosawa"}, {"id": 47, "name": "Billy Wilder"}, {"id": 48, "name": "Alfred Hitchcock"}, {"id": 49, "name": "Joel Coen"}, {"id": 50, "name": "Kevin Feige"}, {"id": 51, "name": "John Ratzenberger"}, {"id": 52, "name": "Mark Bomback"}, {"id": 53, "name": "Robert Tapert"}, {"id": 54, "name": "Dean DeBlois"}, {"id": 55, "name": "Robert F. Boyle"}, {"id": 56, "name": "Brian Grazer"}, {"id": 57, "name": "Pete Docter"}, {"id": 58, "name": "Joseph Cotten"}, {"id": 59, "name": "Jim Abrahams"}, {"id": 60, "name": "Buck Henry"}, {"id": 61, "name": "David Heyman"}, {"id": 62, "name": "Bob Peterson"}, {"id": 63, "name": "Paul Weitz"}, {"id": 64, "name": "Joe Medjuck"}], "links": [{"source": 43, "target": 17, "value": 5}, {"source": 18, "target": 33, "value": 5}, {"source": 18, "target": 50, "value": 7}, {"source": 18, "target": 7, "value": 5}, {"source": 33, "target": 50, "value": 5}, {"source": 33, "target": 7, "value": 5}, {"source": 50, "target": 7, "value": 5}, {"source": 13, "target": 52, "value": 6}, {"source": 13, "target": 20, "value": 5}, {"source": 46, "target": 16, "value": 6}, {"source": 46, "target": 32, "value": 6}, {"source": 57, "target": 51, "value": 6}, {"source": 57, "target": 62, "value": 6}, {"source": 57, "target": 43, "value": 5}, {"source": 57, "target": 10, "value": 6}, {"source": 51, "target": 43, "value": 5}, {"source": 43, "target": 10, "value": 12}, {"source": 23, "target": 27, "value": 6}, {"source": 49, "target": 9, "value": 13}, {"source": 6, "target": 64, "value": 6}, {"source": 46, "target": 40, "value": 5}, {"source": 24, "target": 56, "value": 5}, {"source": 43, "target": 14, "value": 5}, {"source": 17, "target": 43, "value": 6}, {"source": 10, "target": 5, "value": 6}, {"source": 10, "target": 43, "value": 7}, {"source": 3, "target": 54, "value": 5}, {"source": 25, "target": 2, "value": 5}, {"source": 39, "target": 19, "value": 6}, {"source": 22, "target": 29, "value": 6}, {"source": 28, "target": 1, "value": 7}, {"source": 45, "target": 63, "value": 5}, {"source": 34, "target": 43, "value": 5}, {"source": 38, "target": 58, "value": 5}, {"source": 48, "target": 15, "value": 5}, {"source": 48, "target": 55, "value": 5}, {"source": 48, "target": 36, "value": 9}, {"source": 48, "target": 4, "value": 8}, {"source": 47, "target": 42, "value": 6}, {"source": 47, "target": 30, "value": 5}, {"source": 26, "target": 8, "value": 5}, {"source": 11, "target": 59, "value": 5}, {"source": 37, "target": 61, "value": 5}, {"source": 12, "target": 53, "value": 5}, {"source": 44, "target": 21, "value": 6}, {"source": 35, "target": 31, "value": 5}, {"source": 1, "target": 28, "value": 8}, {"source": 60, "target": 41, "value": 5}, {"source": 9, "target": 49, "value": 6}]}